hook_power,offer_strength,persuasion_depth,narrative_emotion,structure_flow,cta_clarity,audience_targeting,funnel_fit,platform_optimization,conversion_likelihood,message_market_match,ad_type_execution,overall_impact,business_type,price_point,audience_temperature,funnel_position,platform,ad_format,ad_style,niche,total_score,verdict,quick_kill_flags,top_strengths,top_weaknesses,priority_fixes,ad_copy,quality_tier
9,7,8,8,9,8,9,8,7,7,9,8,8,services,mid ticket,cold,top,meta,video short,direct pitch,digital marketing / lead generation for home service contractors,105,Strong,[],"[""Surgical audience call-out in the first sentence \u2014 naming Angie, Thumbtack, and Yelp by name instantly signals to the exact target that this message is for them, triggering immediate relevance and stopping the scroll cold"", ""Exceptional problem agitation \u2014 the 'race to the bottom on price' and 'you're just a number in their system' language mirrors exactly how this audience talks and thinks, demonstrating deep market empathy and making the viewer feel genuinely understood before the pitch even begins"", ""Concrete, specific social proof \u2014 Trent's CPL drop from $200 to $70 and Mike's 76 exclusive calls in 30 days are the kind of specific, named, measurable results that cold audiences actually believe, far outperforming vague claims like 'thousands of happy clients'""]","[""Offer pricing and value stack are underdeveloped \u2014 'one-time payment' is mentioned but no price anchor, no guarantee, and no risk reversal are present, leaving the biggest objection (what does this cost and what if it doesn't work?) completely unaddressed before the CTA"", ""The mechanism 'Lead Liftoff Ad System' is named but not sufficiently differentiated \u2014 using Google and Facebook ads is not a unique mechanism by itself, and a skeptical contractor who has tried ads before and failed will not be convinced by the vehicle without more explanation of what makes this system different"", ""Three-step CTA creates mild friction \u2014 asking the viewer to click, then watch another video, then book a call is three micro-commitments stacked at the end, which risks drop-off between each step; the CTA could be tightened to lead with the most compelling action""]","[""Add a risk reversal or guarantee before the CTA \u2014 something like 'if we don't generate X leads in your first 90 days, we work for free until we do' directly attacks the primary objection of a contractor who has been burned before and dramatically lowers the perceived risk of the ask, applying Hormozi's Value Equation by reducing the effort and sacrifice variable"", ""Sharpen the unique mechanism \u2014 insert one or two sentences after introducing the Lead Liftoff Ad System that explain specifically WHY it works differently from what the contractor may have tried before, such as proprietary targeting logic, call tracking, or a landing page system built specifically for home services; this breaks the 'I've tried ads before and they didn't work' vehicle belief that Brunson identifies as the #1 conversion killer for this audience"", ""Collapse the CTA to a single high-clarity action \u2014 instead of click, then watch, then book, lead with the outcome: 'Click the Learn More button below to book your free strategy call and see exactly how many exclusive leads are available in your market right now'; this removes a step, adds specificity, and reframes the call booking as a value event rather than a sales call""]","If you're a home service business owner who's sick of paying Angie, Thumbtack, or Yelp for

shared leads that five other contractors get, and you want to run ads for your own company

that get people contacting you and only you, then keep watching.

Look, you know the drill. You get a new lead notification. You race to call them,

knowing it's really just a race to the bottom on price with four other contractors

who are also calling that same lead. It's exhausting, and it feels like you're constantly

devaluing your work. It's easy to think the problem is just bad leads or tire kickers,

but the real issue isn't the customer. It's the system you're forced to use.

Lead brokers are designed to profit by pitting you against your competitors.

You're just a number in their system. The only way to win is to stop playing their game.

That's why we developed the Lead Liftoff Ad System. Instead of buying shared recycled leads,

this system builds a direct pipeline from interested homeowners to your phone.

It uses Google and Facebook to find people who are actively searching for your services

and puts your business and only your business at the top of those search results.

This is the entire system we want to build for you for a one-time payment.

We handle the ad creation in 90 days of active management to ensure you get profitable ads that

generate exclusive, high-quality leads in the form of phone calls and booked appointments.

We've implemented this for dozens of home service contractors,

generating over $5 million in revenue for them.

We've helped Trent from Husky's Paint and Design slash his cost per lead from $200

down to $70. And we got Mike from Smith Plumbing 76 exclusive calls in his first 30 days.

So if you're finally ready to stop fighting for scraps and start getting exclusive leads

that respect your price and you want our proven system, then click the Learn More button below,

watch the video on the next page that explains everything, and book a free strategy call with me.",real
9,7,7,8,8,7,9,8,7,7,9,8,8,services,mid ticket,cold,top,meta,video short,direct pitch,digital marketing / lead generation for home service contractors,102,Strong,[],"[""Surgical audience targeting and mirror-language: The hook calls out Angie, Thumbtack, and Yelp by name and immediately articulates the exact emotional experience (racing to call, race to the bottom, feeling devalued) \u2014 this is masterclass message-market match that makes a contractor feel the ad was written specifically for them."", ""Strong reframe and villain identification: The ad correctly repositions the enemy from 'bad customers' to 'the system,' which is a sophisticated belief-breaking move that earns trust and opens the prospect to a new vehicle without making them feel stupid for what they were doing before."", ""Specific, credible social proof: Naming Trent from Husky's Paint & Design (cost per lead $200 to $70) and Mike from Smith Plumbing (76 exclusive calls in 30 days) with real names, real businesses, and real numbers is far above average for this niche \u2014 it builds authority and perceived likelihood of achievement simultaneously.""]","[""Offer pricing opacity creates friction: 'One-time payment' is mentioned but no price anchor or range is given. For a mid-ticket service sale going to a strategy call, this is acceptable, but the phrase 'one-time payment' without any context may trigger skepticism or sticker shock on the call \u2014 the ad would benefit from at least a value anchor or framing statement."", ""No risk reversal present: There is no guarantee, free trial, or safety net mentioned. Contractors are a financially cautious buyer persona who have likely been burned by marketing agencies before \u2014 the absence of any risk reversal leaves a significant trust gap that Cialdini's reciprocity and commitment principles could help close."", ""Three-step CTA introduces friction: Asking the viewer to click, then watch a video, then book a call is three micro-commitments stacked in one breath. While funnel logic is sound, the verbal delivery of all three steps at once may cause decision paralysis for a cold audience unfamiliar with the brand.""]","[""Add a risk reversal or bold guarantee before the CTA: Something like 'If we don't generate at least 20 exclusive calls in your first 30 days, we keep working for free until we do' would dramatically lower the perceived risk for a skeptical contractor audience and leverage Hormozi's Value Equation by reducing the effort and sacrifice variable. This single addition could meaningfully lift call bookings."", ""Simplify and sequence the CTA to one immediate action: Instead of 'click, watch, then book,' lead with the lowest-friction next step \u2014 'Click the Learn More button below to watch the free video' \u2014 and let the landing page handle the booking conversion. Reducing the cognitive load at the moment of decision is a direct application of friction reduction and Brunson's commitment ladder principle."", ""Add a price anchor or investment frame before the CTA: Even a line like 'Contractors using shared lead platforms spend $3,000 to $5,000 a month with nothing to show for it \u2014 our one-time system costs a fraction of that' would use Hormozi's price anchoring technique to pre-frame value and reduce sticker shock on the strategy call, improving close rates downstream.""]","If you're paying for leads from Angie, Thumbtack, or Yelp,

and you're tired of dealing with price shoppers

and tire kickers, then listen to this.

Look, you know the drill.

You get a new lead notification, you race to call them,

knowing it's really just a race to the bottom on price

with four other contractors

who are also calling that same lead.

It's exhausting, and it feels like

you're constantly devaluing your work.

It's easy to think the problem

is just bad leads or tire kickers,

but the real issue isn't the customer,

it's the system you're forced to use.

Lead brokers are designed to profit

by pitting you against your competitors.

You're just a number in their system.

The only way to win is to stop playing their game.

That's why we developed the Lead Liftoff Ad System.

Instead of buying shared, recycled leads,

this system builds a direct pipeline

from interested homeowners to your phone.

It uses Google and Facebook to find people

who are actively searching for your services

and puts your business and only your business

at the top of the search results.

This is the entire system we wanna build for you

for a one-time payment.

We handle the ad creation in 90 days of active management

to ensure you get profitable ads

that generate exclusive, high-quality leads

in the form of phone calls and booked appointments.

We've implemented this for dozens

of home service contractors,

generating over $5 million in revenue for them.

We've helped Trent from Husky's Paint & Design

slash his cost per lead from 200 bucks down to 70 bucks,

and we got Mike from Smith Plumbing

76 exclusive calls in his first 30 days.

So if you're finally ready to stop fighting for scraps

and start getting exclusive leads that respect your price

and you want our proven system,

then click the Learn More button below,

watch the video on the next page that explains everything,

and book a free strategy call with me.",real
7,5,5,6,6,3,8,6,5,4,8,6,6,services,high ticket,cold,top,meta,video short,direct pitch,business consulting / scaling for SMB owners at $1M-$3M revenue,75,Weak,"[""Weak CTA: 'you can read reviews online' is passive and low-urgency \u2014 no specific link, no clear next step"", ""No social proof presented in the ad itself \u2014 vague reference to reviews and 'a zillion other times' lacks specificity"", ""No risk reversal or offer framing \u2014 what does 'invited to Vegas headquarters' actually cost or entail? The ask is unclear"", ""Manufactured vagueness around the mechanism \u2014 'offer-based, pricing-based, money model stuff' is too abstract to build conviction"", ""No hook pattern interrupt \u2014 opens with a concept label ('the swamp') before earning attention""]","[""Precise audience identification: '$1M-$3M business owners stuck in the swamp' is a laser-targeted call-out that makes the exact prospect feel immediately seen and understood \u2014 this is strong message-market match"", ""The 'swamp' metaphor is memorable and resonant \u2014 it crystallizes a real, painful experience that the target audience lives daily, giving the ad strong emotional truth without manufactured drama"", ""Problem articulation is genuinely excellent: 'too busy to work on the business, not enough cash to hire the people you need' accurately describes the vicious cycle better than most prospects could express themselves, which builds implicit trust and authority""]","[""The CTA is the biggest failure in the ad \u2014 'read reviews online and love to have you out to Vegas' is passive, vague, and gives the viewer no clear next action. There is no link direction, no application process explained, no urgency, and no framing of what the Vegas visit actually is (paid event, free workshop, strategy day?) \u2014 this kills conversion"", ""The offer is undefined: the viewer does not know what they are being invited to, what it costs, what they will get, or what qualifies them \u2014 without offer clarity, even highly interested prospects cannot take action, violating basic direct response principles"", ""Persuasion depth is thin: the ad relies almost entirely on problem-identification and implied authority with zero social proof (no specific client results, no named transformations, no numbers), no risk reversal, and no urgency \u2014 for a high-ticket ask to cold traffic, this leaves too much trust-building work undone""]","[""Fix the CTA immediately \u2014 replace 'read reviews online and love to have you out' with a specific, framed next step. Example: 'Click the link below to apply for a complimentary one-day intensive at our Las Vegas headquarters \u2014 we only take 10 businesses per month, and spots fill fast.' Name what it is, what it costs (or that it's free), and create a clear single action with light urgency. This fix alone could double conversion rate."", ""Define and name the offer \u2014 give the Vegas visit a proper name, a format, and a value frame. Is it a free strategy day? A paid workshop? An application-based intensive? Right now the prospect cannot say yes because they do not know what they are saying yes to. Apply Hormozi's Value Equation: state the dream outcome ('leave with a specific cash flow strategy ready to implement'), reduce perceived effort ('one day, no homework before you arrive'), and add risk reversal ('if we can't identify at least one change worth $100K to your business, we'll tell you')."", ""Insert one piece of specific social proof into the body \u2014 the phrase 'a zillion other times' is doing heavy lifting with no support. Replace it with one concrete example: 'We worked with a $1.4M home services company in exactly this position \u2014 within 90 days of repricing their offer structure, they had the cash flow to hire their first ops manager and grew to $2.1M the following year.' Specificity creates believability; vagueness destroys it.""]","If your business is doing between one and three million dollars a year, you're in what we call

the swamp. And so it means you're too busy to work on the business because you're drowning

in the business. But you don't have enough cash to hire the key people you need to to get out.

And so you're stuck in this kind of vicious cycle. And you can't grow without help,

but you can't afford the help that you need to grow. And so what do you do?

Well, getting out of the swamp is something that I feel like I have a huge amount of specialty in

having been in the swamps myself. But a lot of the changes that we have to make are either

offer-based, pricing-based, or basically money model stuff, which is what I talked about at

my book launch. What's cool about those solutions is that they're typically very fast to implement

because they're strategic in nature. It's not saying like, oh, you have to go build this other

thing or build this other resource. It's like we just need to reposition how these things work so

we can generate more cash flow so that we can then unlock what you need so that you can bring someone

else in to get the help you need to get to the next level. And so we do this a lot for business

owners every single day of the week. If that sounds at all interesting and your business is doing over

a million bucks a year or more, I'd love to invite you out to our headquarters here in Vegas to

actually have my team come and be like, this is what we tweak. This is how we do it because we've

seen this work a zillion other times in businesses just like yours at the stage you're currently at.

And so you can read reviews online and love to have you out and hopefully see you here in Vegas.",real
4,2,5,8,6,2,8,6,5,4,8,7,6,services,high ticket,warm,middle,meta,video short,testimonial,gym/fitness business coaching and consulting,71,Weak,"[""No explicit CTA telling viewer what to do next \u2014 the speaker says 'pull the trigger' but there is no instruction to click, call, or visit a link"", ""No offer presented \u2014 the ad creates desire but does not describe what Gym Launch provides, at what price, or how to join"", ""No social proof beyond a single testimonial \u2014 no mention of how many gyms have been helped, no external validation or authority markers"", ""Weak closing structure \u2014 ends on a casual 'See you there' with no urgency, no scarcity, and no next step""]","[""Emotionally resonant narrative with a genuine Epiphany Bridge \u2014 the speaker moves from burnout, marital strain, and financial struggle to transformation, clearly hitting the before-after-bridge structure that builds desire in warm audiences"", ""Highly specific, credible results \u2014 $25K first month, doubling revenue within 60 days, and personal life details like buying Christmas presents make the transformation feel real and believable rather than manufactured"", ""Strong audience-language match \u2014 the tone is authentic, self-deprecating, and speaks directly to the gym owner psychographic who is hustling alone and burning out, which is exactly the identity pain this market carries""]","[""Near-total absence of a functional CTA \u2014 the ad ends without telling the viewer what to do, where to go, or how to join, which means emotional momentum built by the story has nowhere to convert into action"", ""No offer articulation whatsoever \u2014 a viewer who has never heard of Gym Launch has no idea what they are buying, what it costs, what is included, or what the mechanism is, violating the Hormozi Value Equation at every point"", ""Weak hook \u2014 opening with 'Before gym launch, my personal life was not the greatest' buries the lead and starts vague; a warm audience may stay but a cold or semi-cold viewer has no pattern interrupt to stop the scroll in the first three seconds""]","[""Add a direct and specific CTA with a clear next step \u2014 replace 'I hope you pull the trigger' with an instruction such as 'Click the link below to book a free strategy call with the Gym Launch team' or 'Go to the link in the bio to see if your gym qualifies'; every second of emotional buildup in this ad is leaking value because there is no conversion mechanism at the end"", ""Restructure the hook to lead with the most compelling result \u2014 open with something like 'I went from barely paying rent to generating $25,000 in my first month \u2014 here is what changed' so the viewer immediately understands the payoff and has a reason to keep watching, applying Robinson's hook-first principle"", ""Add a brief offer bridge before the CTA \u2014 even one sentence describing what Gym Launch actually provides would dramatically increase conversion; something like 'Gym Launch gives you the exact playbook, the ads, and the coaching to fill your gym and stop doing everything alone' ties the emotional story to a concrete vehicle, addressing the vehicle belief gap identified in Brunson's framework""]","Before gym launch, my personal life was not the greatest.

Like, I didn't really have one.

Didn't really have a whole lot of time with my wife

because I was always working on the business,

always trying to hustle and grow

and kind of just do everything by myself.

I was teaching classes all the time

and jiu-jitsu was basically becoming my job.

I was kind of getting a little burnt out on it.

I had a background in digital marketing.

I was mostly self-taught through YouTube

and just kind of trial and error.

Really just kind of taking a bet on myself

that I was gonna be able to figure it out.

I thought about joining Gym Launch for a long time.

I'd actually been following Alex Ramosi and Gym Launch

since about 2017.

I figured it was time to build a solid foundation

and kind of set my ego aside

and realize that, like,

maybe I don't know everything, right?

In three months of joining Gym Launch,

I went from struggling to basically

even be able to pay rent

to now being able to provide for my family,

buy them Christmas presents

when normally I really struggle to do that

at this time of year.

And we generated over, like,

25,000 bucks in our first month,

which was crazy.

That was double the revenue that we had had before.

And then we did it again within 60 days,

which was nuts.

I can't believe, like,

how much Gym Launch has changed my life.

It's given me so much time back.

I'm about to take a week off for Christmas

and go home and see my mom.

Thank you so much to Gym Launch.

And if you're on the fence about joining,

I hope that you pull the trigger

and I hope to see you in the group coaching calls.

See you there.",real
8,7,7,6,8,7,9,7,6,7,9,8,8,services,high ticket,cold,top,meta,video short,direct pitch,window replacement company marketing / lead generation agency for home services,97,Average,"[""No risk reversal or guarantee mentioned"", ""No explicit CTA mechanism described (just 'book below' with no context on what happens next)"", ""Single data point case study (Marco) without supporting details that build full credibility"", ""Claim of 70-95% show rates is extraordinary and unsupported \u2014 sophisticated buyers may be skeptical""]","[""Laser-targeted niche specificity \u2014 'window replacement calendars' and 'one company per market' speaks the exact language of the ideal client and immediately signals deep industry expertise"", ""Pain point articulation is exceptional \u2014 canvassers costing 30k a month, shared leads sold to four competitors, best rep wasting time on unqualified kitchen table appointments directly mirrors the lived frustration of window company owners"", ""Exclusivity and urgency mechanism is genuine and smart \u2014 one company per market creates real scarcity and a competitive trigger that motivates action from qualified prospects""]","[""Persuasion depth is thin \u2014 the ad relies primarily on authority and social proof but misses reciprocity (no value given before the ask), unity (no identity-based belonging), and risk reversal which would dramatically lower friction for a high-ticket service commitment"", ""The Marco case study is the only named proof and lacks enough specificity to fully overcome skepticism \u2014 timeframe is given (5 months) but no mechanism explanation makes the result feel asserted rather than demonstrated"", ""Platform optimization is uncertain \u2014 as a short video on Meta this works structurally, but there is no indication of sound-off readability, captions, or visual pattern interrupt strategy, and the hook assumes the viewer is already interested rather than creating a thumb-stop moment""]","[""Strengthen the hook with a pattern interrupt that calls out the prospect's identity before the value proposition \u2014 instead of opening with 'I'm going to tell you why,' open with something like 'Window company doing 500k or more a year? Your calendar is broken and you already know it' \u2014 this triggers immediate self-identification and stops the scroll before delivering the payoff"", ""Add a risk reversal element before the CTA \u2014 even a soft guarantee like 'if we don't fill your calendar in 90 days, you don't pay' or 'we only win when you win' transforms a high-trust ask into a lower-friction decision and directly addresses the Hormozi perceived likelihood of achievement variable"", ""Expand social proof beyond Marco with one additional rapid-fire proof stack \u2014 '50 window companies, same results every time' is stated but not felt \u2014 adding two or three compressed outcomes like 'Dallas: 180 appointments in month one, Chicago: rep closed 4 jobs in a single week' makes the claim land emotionally rather than just logically""]","I'm going to tell you why our window clients call us every single day asking to increase

their ad spend.

And that is because they've never seen returns like that.

30 to 250 confirmed appointments every single month with show rates between 70 to 95%.

For example, Marco went from 400k a month to over a million a month in five months.

And we have over 50 window companies in every single US market and we get the same results

every single time.

And every one of them came to us with the same broken calendars with canvassers costing

30 grand a month, shared leads sold to four other competitors before the phone even rang

and the best sales rep wasting afternoons driving to kitchen tables full of people that

we're never going to buy at their price.

And we do one thing.

We fill window replacement calendars with serious buyers and we are the best in the

US at it.

One company per market, if you're doing at least 500k a year and your area is still open,

book below before your closest competitor does.",real
8,7,6,3,7,4,8,7,6,6,8,6,6,services,high ticket,cold,top,meta,video short,direct pitch,"done-for-you marketing services for coaches, consultants, and course creators",82,Average,"[""No emotional narrative or story arc \u2014 purely logical pitch with no identity shift or transformation element"", ""Social proof is authority-based only (revenue, client count) but lacks specific client testimonials or named results"", ""CTA is vague and low-confidence ('somewhere around this page', 'somewhere around here') \u2014 undermines trust at the close"", ""No agitation of the pain point \u2014 the problem (tech complexity, cost) is named but not made to feel real or urgent""]","[""Hook is genuinely strong \u2014 opening with 'cancel ClickFunnels' while admitting to using ClickFunnels is a compelling pattern interrupt and curiosity loop that will stop the right audience mid-scroll"", ""Audience targeting is laser-precise \u2014 coaches, consultants, and course creators are called out explicitly, and the pain point (tech stack complexity and cost) is highly relevant to this market"", ""Risk reversal is present and meaningful \u2014 the 'don't ROI your investment, you don't pay' guarantee directly addresses the core objection for a high-ticket DFY offer and lowers the barrier to application""]","[""Zero emotional arc or narrative \u2014 the ad is entirely logical and feature-driven, never painting a vivid before/after transformation or making the viewer feel what life looks like with this system working; cold traffic needs emotion to move, not just logic"", ""CTA execution is weak and erodes confidence at the critical moment \u2014 'click the link somewhere around this page' and 'somewhere around here' signals the presenter is reading from a script and undermines the authority built earlier in the ad"", ""Persuasion is thin and one-dimensional \u2014 the ad leans almost entirely on authority (30M/year, 4,000 clients) but misses social proof from relatable peers, no liking/unity elements, and no scarcity or urgency to compel action now versus later""]","[""Fix the CTA with specificity and confidence: Replace 'click the link somewhere around this page' with a single, direct, confident instruction \u2014 'Click the button below right now, fill out the 60-second application, and our team will map out exactly how the Short Form Funnel works for your specific business.' A fumbled CTA on a high-ticket offer is a conversion killer; the close must feel as certain as the hook."", ""Add a compressed Epiphany Bridge or client result story: Insert 15-20 seconds of narrative showing a specific coach or consultant who ditched their tech stack, implemented the Short Form Funnel, and hit a specific revenue milestone in a specific timeframe \u2014 'One of our clients, a life coach in Austin, went from $8K to $60K a month in 11 weeks without touching a single piece of tech.' Specificity + story = belief. This directly addresses the internal false belief that 'it won't work for me.'"", ""Agitate the pain before presenting the solution: The hook earns attention but immediately pivots to the solution without making the viewer feel the weight of their current problem. Add 2-3 sentences after the hook that twist the knife \u2014 the time wasted on tech, the money bleeding out monthly on tools that aren't converting, the frustration of complexity slowing growth. Per the PAS framework, agitation is what creates the emotional readiness to receive the solution.""]","If you're a coach or course creator,

you can now cancel ClickFunnels.

Now, why has a guy who's literally using ClickFunnels

to run this whole promotion

telling you to cancel ClickFunnels?

Well, it turns out our clients

and really what we found internally,

have found a new way of generating high-ticket clients.

It's amazing from getting the average coach or consultant

or course creator from zero to 100 to 200 grand a month

before transitioning to something

a little bit more complicated,

probably like what I'm doing,

to get to a million, 2 million, 3 million a month and beyond.

And what's great about this

is it requires no tech whatsoever.

So no ClickFunnels, GHL, HubSpot, Autoresponder,

all of that you can cancel.

And honestly, all the money you get back from that,

a fraction of that can be used

to actually advertise with this new system

because it's capitalizing on a huge trend right now

the ad platforms are pushing,

which makes the cost relatively cheap.

We call this new strategy, the Short Form Funnel.

And our company will actually build out

the entire Short Form Funnel done for you completely

and install it directly in your business

to start generating leads in as little as seven days.

And if you don't completely ROI your investment with us,

you don't pay anything.

So if any of that sounds interesting,

go ahead and click the link somewhere around this page,

go to the next page and just fill out the quick application.

Then based on that application,

our team will have a ton more context

on exactly how the Short Form Funnel

will work for you and your business.

And keep in mind, this is based on our experience

of running a $30 million per year company

using the exact same funnel

and working with over 4,000 clients over the last six years

using the same strategy as well.

Either way, go and click the link somewhere around here,

fill out the application and we'll see you on the inside.",real
8,2,6,7,6,1,9,5,6,3,8,6,5,services,high ticket,cold,top,meta,video short,testimonial,marketing agency targeting pool builders / home service contractors,72,Weak,"[""No explicit CTA \u2014 the ad ends with 'I'd say go for it' but gives the viewer no specific next step (no link, no call, no offer)"", ""No offer presented \u2014 there is desire built but no mechanism to capture it"", ""Agency name appears to be mispronounced or misheard as 'Anus' in the transcript \u2014 if this is accurate in the video, it is a catastrophic brand trust issue that likely triggers confusion or laughter and kills credibility mid-testimonial"", ""Weak close \u2014 'Go for it' is not a CTA, it is a sentiment; a cold prospect needs to be told exactly what to do next"", ""No risk reversal or guarantee mentioned \u2014 for an audience burned by a prior agency, this is a critical missing trust element""]","[""Laser-targeted audience call-out \u2014 'Pool Builders' is said explicitly and the pain of being burned by a bad agency is articulated perfectly; anyone in this niche who has been there will feel immediately seen"", ""Strong hook using contrarian social proof \u2014 opening with 'every single person we reached out to said I don't want a pool, I don't even own a house' is a vivid, specific illustration of bad targeting that immediately validates the prospect's frustration and earns attention"", ""Authentic testimonial structure with specific, believable proof \u2014 'zero customers in over a year' and 'first week we got more responses than an entire year' is the kind of specific, contrast-based claim that builds real credibility and passes the Cialdini social proof test""]","[""No CTA whatsoever \u2014 this is the single biggest failure; the ad builds genuine emotional momentum and then drops the viewer off a cliff with 'go for it' and no instruction on what to actually do; confused and inspired prospects do nothing"", ""No offer presented \u2014 there is no free audit, no discovery call, no lead magnet, no next step; the ad generates desire with nowhere to direct it, which means the conversion event never happens"", ""The agency name issue ('Anus') \u2014 if this is how the name sounds in the actual video, this is a catastrophic execution problem; a skeptical cold prospect hearing this will disengage, laugh, or lose trust at the exact moment the testimonial is building credibility; this must be verified and addressed immediately""]","[""Add a specific, low-friction CTA immediately \u2014 for this audience temperature and trust level, the ask should be a free audit, free strategy call, or free 'pool builder marketing review'; something like: 'If you're a pool builder tired of paying for nothing, click below and we'll show you exactly what we'd do differently \u2014 no contract, no commitment'; this single fix could dramatically improve conversion likelihood"", ""State the offer before the CTA \u2014 cold traffic needs to know what they get, not just where to go; add a value proposition line such as 'We only work with pool builders, we guarantee results in the first 30 days or you don't pay' \u2014 this leverages Hormozi's risk reversal and Cialdini's commitment principle simultaneously and directly addresses the core objection of an audience burned by prior agencies"", ""Verify and fix the agency name pronunciation in the video \u2014 if the name is being heard as anything other than the intended brand name, re-record or add a text overlay with the correct name on screen; this is a trust and brand clarity issue that undercuts the entire testimonial; additionally, add text overlays throughout for sound-off viewers on Meta since this ad is entirely audio-dependent in its current form""]","Every single person that we reached out to said,

I don't know why you're talking to me.

I don't want a pool.

I don't even own a house.

Pool Builders, you hired a marketing company

that promised you the world

and delivered absolute garbage.

Yeah, welcome to the club.

Ed McCombie over at Opulent Pools

paid his last agency for over a year.

He got zero customers, not one.

That's not marketing, that's theft.

We had a company that we paid for over a year

that we were stuck in a contract with

that provided zero customers to us.

The first week of marketing with you, with Anus,

we got more responses than we did in an entire year

with the other company.

And I literally gave you like a few weeks to prove to me.

And you did.

If there was a Pool Builder right now watching this,

they're kind of on the fence, they're skeptical.

They might be feeling the same pain you were.

What would you tell them?

I'd say go for it.",real
7,8,7,6,5,4,9,7,4,6,8,6,6,services,mid ticket,cold,top,meta,video long,testimonial,roofing contractor lead generation / home services B2B,83,Average,"[""Ad is significantly longer than the message requires \u2014 multiple testimonials repeat the same core point (leads are good, company delivers) without adding new persuasion layers, causing attention decay"", ""No specific mechanism explanation until the very end \u2014 'how it works' is buried after 90% of the ad has passed"", ""Phone number repeated incorrectly at the end ('1-866-422-422-422') \u2014 a credibility-damaging error in the CTA"", ""Multiple CTAs competing: 'Tap learn more', 'Book a call', and a phone number \u2014 creates friction and decision paralysis"", ""Several testimonials lack specificity on the client identity \u2014 no company names, locations, or verifiable details weaken social proof authenticity""]","[""Laser-targeted audience call-out in the first word ('Roofing contractors') immediately qualifies the viewer and signals relevance \u2014 excellent use of call-out hook that speaks the market's language"", ""Exceptional social proof volume and specificity: multiple testimonials with concrete revenue figures ($150K first week, $300K in three weeks, $227K at 50% close rate, projected $5-6M growth) that speak directly to what roofing contractors actually care about \u2014 money and pipeline"", ""Offer model is genuinely differentiated and strong \u2014 pay-per-qualified-lead with no upfront ad spend risk directly addresses the market's #1 objection (getting burned by lead gen companies), and the '$30 million in net sales for partners' anchor establishes immediate credibility""]","[""Structural redundancy kills momentum: six or more testimonials all deliver the same message ('leads are great, company delivers') without escalating the persuasion \u2014 after the third testimonial the marginal value of each additional one drops sharply and attention bleeds out"", ""CTA is fractured and eroded by a critical error \u2014 presenting both 'tap learn more' and a phone number splits the viewer's attention, and the mangled phone number repetition ('1-866-422-422-422') signals sloppiness that directly undermines the trust built throughout the ad"", ""The mechanism ('we pay for your ads, send exclusive leads, you pay per qualified lead') is explained in the final 10% of the ad \u2014 for a cold audience skeptical of lead gen companies, this explanation should come much earlier to frame and validate all the testimonials that follow""]","[""Restructure the ad to lead with the mechanism immediately after the hook \u2014 cold roofing contractors have been burned by lead gen before (the ad itself acknowledges this), so explaining 'you only pay per qualified lead and we cover the ad spend' early reframes every testimonial that follows as proof of a risk-free model rather than just marketing claims"", ""Cut the testimonial stack to the 3 strongest, most specific ones and sequence them to escalate: start with the fastest result ('Tuesday leads started coming in, first week 150K'), build to the ROI story ('50% close rate, marketing cost of .0001'), and close with the long-term growth story ('projected $5-6M, had to buy trucks and hire reps') \u2014 this creates a narrative arc instead of a repetitive pile-on"", ""Fix and simplify the CTA to a single action: remove the phone number from the video itself and make 'tap learn more to book a call' the sole directive \u2014 then correct the phone number error in any companion copy; split CTAs on Meta cold traffic ads consistently reduce conversion rates because they force a decision that was not asked for""]","Roofing contractors, our exclusive roof replacement leads, have generated over $30 million in

net sales for our partners.

And they only pay for qualified leads.

Here's the results.

Most lead source companies are full of s**t.

They under-deliver and they overcharge.

This company here so far, they've done everything they said they were going to do and then more.

Last month we did $195 for the whole month.

So we're on track this month to get into the $200, $300 range, becoming our number one

lead source.

A 50% close rate for $227,000.

So what does that put your marketing cost at?

Like, .0001?

Every single solitary lead that comes in, they're as intense.

And when JF Acquisition's lead comes through, the girls in the call center fight over those

leads.

Acquisition lead just came in and everyone tries to rush to call it.

It's actually become kind of a joke around the office how everyone wants to get those

leads first.

They're just, they're great.

And you guys are the definition of quality over quantity.

It's fantastic.

From the first initial investment, we have done over $300,000.

I've had to buy a couple extra trucks and hire a couple extra sales reps to basically

handle all the leads you guys have been generating for us.

Probably projected to grow this company about, I would say anywhere from $5 to $6 million

this year in overall sales.

I think if somebody's down on their last couple thousand dollars, giving you guys a call, it's

a no brainer.

We've got tons of leads coming in and it's working out much better than could even be

expected.

I mentioned to you, I've signed up with several companies over the last two, three, four years

trying to find that can bring me leads and I've heard nothing but talk and it just never

developed.

It's lost money, but not so with you.

And it's working out super.

Finally found somebody I can be with, somebody I can trust.

As I mentioned, my business was off last year terribly and it's going to triple this year.

He signed us up on Monday.

Tuesday, leads started coming in.

Like I said, that first week we did 150K in sales.

We're a little over three weeks with them and we've got close to $400,000 worth of deals

with these guys.

We're growing and scaling at a good rate and JF has been a big reason for that.

We've really gotten quality leads.

The investment in it makes sense.

Connecting with people who really have a desire for our services.

I can't see anything but success.

How does it work?

It's simple.

We pay for your ads and send you exclusive roof replacement jobs and you only pay us

per qualified lead.

That's it.

Tap learn more to book a call with our team.

Call 1-866-422-4243

www.jfla.com

1-866-422-422-422",real
4,7,6,4,7,6,7,6,4,5,8,6,6,services,mid ticket,cold,top,meta,video short,direct pitch,"B2B cold email outreach as a done-for-you service targeting agencies, coaches, and B2B businesses",76,Weak,"[""No strong pattern-interrupt hook \u2014 opens with a declarative statement rather than a thumb-stopping moment"", ""Sound-dependent delivery with no visible captions or text overlays mentioned \u2014 likely invisible to 85% of Meta viewers watching without sound"", ""No risk reversal or guarantee mentioned \u2014 prospect bears all the risk on a recurring DFY service"", ""No urgency or scarcity \u2014 nothing compels action NOW vs. later"", ""CTA sends to a second video before a call \u2014 double-friction funnel for cold traffic""]","[""Strong message-market match \u2014 speaks the exact language of B2B agency owners and coaches who understand lead gen and sales calls; the framing of 'missing an entire acquisition channel' is a sharp pain point that resonates with this audience"", ""Solid offer clarity \u2014 the done-for-you positioning is communicated well with a clear breakdown of what is handled (infrastructure, lists, scripts, sending) and what the client does (inbox replies only), which minimizes perceived effort per the Hormozi Value Equation"", ""Specific social proof with named verticals and real numbers (66 leads in 90 days, 130 leads in a few months, 100+ positive replies) \u2014 specificity dramatically outperforms vague claims and builds credibility with a skeptical B2B audience""]","[""Weak hook \u2014 'You need to be sending cold emails' is a declarative opinion, not a pattern interrupt; it does not stop a scroll, call out a specific person in a compelling way, or create immediate curiosity; this is Failure Pattern #1 (Weak Hook) and #2 (Generic Hook) from the taxonomy"", ""Zero emotional arc or narrative \u2014 the entire ad is logical and feature-oriented with no story, no before/after transformation, no epiphany bridge, and no identity shift; the prospect is told what the service does but never made to feel what their business could become, which is a critical miss for cold traffic that has no prior relationship"", ""No risk reversal and no urgency \u2014 two of the most important conversion levers (Hormozi risk reversal + Cialdini scarcity) are completely absent; a cold prospect being asked to book a call for a recurring DFY service with no guarantee has no psychological safety net to push them over the edge""]","[""Rewrite the hook to be a specific, audience-targeted pattern interrupt \u2014 replace the generic opener with something that creates immediate curiosity or pain recognition; example: 'B2B agency owners \u2014 if your entire pipeline depends on referrals and ads, you are one algorithm change away from zero new clients' or 'What if you woke up to 10 new qualified sales calls on your calendar every single week \u2014 without running a single ad?' \u2014 this applies the Robinson thumb-stop test and Suby's 80/20 rule that 80% of performance lives in the hook"", ""Add a risk reversal and inject urgency \u2014 even a soft guarantee ('if we don't book you X calls in the first 60 days, we work for free until we do') collapses the primary friction point for cold traffic; pair this with a soft scarcity mechanism ('we only onboard 5 new clients per month to protect deliverability and campaign quality') which is both believable and functional in this niche \u2014 this applies Hormozi's risk reversal framework and Cialdini's scarcity principle simultaneously"", ""Insert a compressed emotional story before the case studies \u2014 add 20-30 seconds of narrative that paints the before state ('you're grinding referrals, posting content, running ads, and still your calendar has gaps') and the after state ('our clients wake up to qualified replies from decision-makers they've never met before, in industries they hand-picked') before dropping the proof; this applies Brunson's Epiphany Bridge in compressed form and gives cold traffic an emotional reason to care before the logical proof lands""]","You need to be sending cold emails

if you wanna scale your B2B business.

Let me be clear.

I'm not saying stop using ads or organic or referrals

or whatever you're doing now to sign clients.

And I'm not gonna try to convince you

that cold email is the only system you need.

I'm simply saying that you are missing out

on 10 to 100 brand new sales calls every single month

on your calendar by not sending cold emails.

It's literally an entire acquisition channel

that if you're not tapping into right now,

you're leaving sales calls and revenue on the table.

So here's what we can do for you.

We will build, launch and manage

a completely done for you,

AI powered cold email system for your business.

We handle the dirty work,

including the email script building.

We handle the dirty work,

including the email lists, the scripts,

the scraping, the verification, the infrastructure,

the inboxes, the domains, the actual sending,

all of the behind the scenes technical stuff,

we will do for you.

So all you have to do is handle the qualified replies

in your inbox and book them in for a sales call.

We handle the rest.

I could ramble for another minute or two

about how our AI company search

can scrape millions of companies for your exact ICP

or how every single email is written by a human,

but personalized with AI to make it custom

for each prospect or how our private sending

infrastructure guarantees best in class inbox placement

or how our AI manually rotates new inboxes

in to keep you in the primary inbox and not spam.

But yet again, you probably don't care about that at all.

And rightfully so, because all you care about

is results for good reason.

Here are a few examples of results that we've got.

An e-commerce email marketing agency got 66 leads

in 90 days working with our campaigns.

An SEO agency got 130 leads in just a few months

and a coaching business for fractional CMOs

generated over a hundred positive replies

from a single campaign.

And there are plenty more on the video presentation

on the next page, if you click the link below this video.

If you simply want more sales calls on your calendar

and you want an AI powered cold email system

handled for you on a monthly basis,

everything is handled besides the inbox management.

Click the link below for a video by me

with pricing and more information

and a bunch of case studies, bunch of FAQs,

everything you need to know is on that video.

And then you can book a call on that page

with my team to get started.

I'll see you there.",real
